timestamp,gps_hvel[0],gps_hvel[1],gps_vvel,gps_hpos[0],gps_hpos[1],gps_vpos,ev_hvel[0],ev_hvel[1],ev_vvel,ev_hpos[0],ev_hpos[1],ev_vpos,fake_hvel[0],fake_hvel[1],fake_vvel,fake_hpos[0],fake_hpos[1],fake_vpos,rng_vpos,baro_vpos,aux_hvel[0],aux_hvel[1],aux_vvel,flow[0],flow[1],heading,mag_field[0],mag_field[1],mag_field[2],drag[0],drag[1],airspeed,beta,hagl
278134415,0.09905751,0.0990572,0.21346696,0.34654403,0.34654364,0.0,0.0,0.0,0.0,0.0,0.0,0.0,nan,nan,nan,nan,nan,nan,0.0,12.402408,0.0,0.0,nan,0.0,0.0,0.090147264,0.0,0.0,0.0,0.0,0.0,0.0,0.0,0.0
278144438,0.09905751,0.0990572,0.21346696,0.34654403,0.34654364,0.0,0.0,0.0,0.0,0.0,0.0,0.0,nan,nan,nan,nan,nan,nan,0.0,12.402408,0.0,0.0,nan,0.0,0.0,0.090147264,0.0,0.0,0.0,0.0,0.0,0.0,0.0,0.0
278334885,0.0990602,0.099059924,0.21345064,0.34653366,0.34653327,0.0,0.0,0.0,0.0,0.0,0.0,0.0,nan,nan,nan,nan,nan,nan,0.0,12.401715,0.0,0.0,nan,0.0,0.0,0.09014732,0.0,0.0,0.0,0.0,0.0,0.0,0.0,0.0
278535364,0.0991871,0.09918685,0.21351175,0.34583434,0.345834,0.0,0.0,0.0,0.0,0.0,0.0,0.0,nan,nan,nan,nan,nan,nan,0.0,12.40169,0.0,0.0,nan,0.0,0.0,0.09014748,0.0,0.0,0.0,0.0,0.0,0.0,0.0,0.0
278735829,0.09904015,0.09903992,0.21341242,0.34533814,0.3453378,0.0,0.0,0.0,0.0,0.0,0.0,0.0,nan,nan,nan,nan,nan,nan,0.0,12.402183,0.0,0.0,nan,0.0,0.0,0.09014753,0.0,0.0,0.0,0.0,0.0,0.0,0.0,0.0
278936331,0.09904522,0.09904501,0.21345307,0.3453283,0.34532797,0.0,0.0,0.0,0.0,0.0,0.0,0.0,nan,nan,nan,nan,nan,nan,0.0,12.402167,0.0,0.0,nan,0.0,0.0,0.090147585,0.0,0.0,0.0,0.0,0.0,0.0,0.0,0.0
279136773,0.0989885,0.09898831,0.21339852,0.34510875,0.34510845,0.0,0.0,0.0,0.0,0.0,0.0,0.0,nan,nan,nan,nan,nan,nan,0.0,12.401488,0.0,0.0,nan,0.0,0.0,0.09014764,0.0,0.0,0.0,0.0,0.0,0.0,0.0,0.0
279337244,0.09906579,0.0990656,0.21342415,0.34533912,0.34533882,0.0,0.0,0.0,0.0,0.0,0.0,0.0,nan,nan,nan,nan,nan,nan,0.0,12.401482,0.0,0.0,nan,0.0,0.0,0.09014769,0.0,0.0,0.0,0.0,0.0,0.0,0.0,0.0
279542732,0.09906748,0.09906731,0.21340862,0.34421363,0.34421334,0.0,0.0,0.0,0.0,0.0,0.0,0.0,nan,nan,nan,nan,nan,nan,0.0,12.40199,0.0,0.0,nan,0.0,0.0,0.09014773,0.0,0.0,0.0,0.0,0.0,0.0,0.0,0.0
279743200,0.099043846,0.09904368,0.2134496,0.34420043,0.34420016,0.0,0.0,0.0,0.0,0.0,0.0,0.0,nan,nan,nan,nan,nan,nan,0.0,12.40199,0.0,0.0,nan,0.0,0.0,0.0901479,0.0,0.0,0.0,0.0,0.0,0.0,0.0,0.0
279943672,0.09904645,0.099046305,0.21343373,0.34418613,0.3441859,0.0,0.0,0.0,0.0,0.0,0.0,0.0,nan,nan,nan,nan,nan,nan,0.0,12.40131,0.0,0.0,nan,0.0,0.0,0.09014794,0.0,0.0,0.0,0.0,0.0,0.0,0.0,0.0
280134126,0.09904962,0.09904949,0.21341768,0.34417427,0.34417403,0.0,0.0,0.0,0.0,0.0,0.0,0.0,nan,nan,nan,nan,nan,nan,0.0,12.401812,0.0,0.0,nan,0.0,0.0,0.09014801,0.0,0.0,0.0,0.0,0.0,0.0,0.0,0.0
280334592,0.09905197,0.09905186,0.21345814,0.34416452,0.34416428,0.0,0.0,0.0,0.0,0.0,0.0,0.0,nan,nan,nan,nan,nan,nan,0.0,12.401807,0.0,0.0,nan,0.0,0.0,0.09014805,0.0,0.0,0.0,0.0,0.0,0.0,0.0,0.0
280545151,0.098992854,0.09899276,0.21340372,0.34282756,0.34282732,0.0,0.0,0.0,0.0,0.0,0.0,0.0,nan,nan,nan,nan,nan,nan,0.0,12.402324,0.0,0.0,nan,0.0,0.0,0.09014808,0.0,0.0,0.0,0.0,0.0,0.0,0.0,0.0
280745560,0.099191956,0.09919187,0.21350692,0.34347758,0.34347734,0.0,0.0,0.0,0.0,0.0,0.0,0.0,nan,nan,nan,nan,nan,nan,0.0,12.401634,0.0,0.0,nan,0.0,0.0,0.09014811,0.0,0.0,0.0,0.0,0.0,0.0,0.0,0.0
280936009,0.09904221,0.09904212,0.21340832,0.34298238,0.34298217,0.0,0.0,0.0,0.0,0.0,0.0,0.0,nan,nan,nan,nan,nan,nan,0.0,12.401636,0.0,0.0,nan,0.0,0.0,0.09014818,0.0,0.0,0.0,0.0,0.0,0.0,0.0,0.0
281136479,0.09910776,0.099107675,0.21343167,0.34318653,0.34318632,0.0,0.0,0.0,0.0,0.0,0.0,0.0,nan,nan,nan,nan,nan,nan,0.0,12.401639,0.0,0.0,nan,0.0,0.0,0.090148225,0.0,0.0,0.0,0.0,0.0,0.0,0.0,0.0
281336951,0.09903705,0.09903698,0.21343197,0.3429412,0.34294102,0.0,0.0,0.0,0.0,0.0,0.0,0.0,nan,nan,nan,nan,nan,nan,0.0,12.400973,0.0,0.0,nan,0.0,0.0,0.09014826,0.0,0.0,0.0,0.0,0.0,0.0,0.0,0.0
281542472,0.09904149,0.099041425,0.21341692,0.34182256,0.34182242,0.0,0.0,0.0,0.0,0.0,0.0,0.0,nan,nan,nan,nan,nan,nan,0.0,12.401485,0.0,0.0,nan,0.0,0.0,0.09014828,0.0,0.0,0.0,0.0,0.0,0.0,0.0,0.0
281742907,0.09904434,0.09904428,0.2134021,0.34181014,0.34181,0.0,0.0,0.0,0.0,0.0,0.0,0.0,nan,nan,nan,nan,nan,nan,0.0,12.402006,0.0,0.0,nan,0.0,0.0,0.09014845,0.0,0.0,0.0,0.0,0.0,0.0,0.0,0.0
281943379,0.09902283,0.099022776,0.21344295,0.34179914,0.34179896,0.0,0.0,0.0,0.0,0.0,0.0,0.0,nan,nan,nan,nan,nan,nan,0.0,12.402005,0.0,0.0,nan,0.0,0.0,0.090148486,0.0,0.0,0.0,0.0,0.0,0.0,0.0,0.0
282143851,0.09902753,0.099027485,0.2134274,0.34178975,0.3417896,0.0,0.0,0.0,0.0,0.0,0.0,0.0,nan,nan,nan,nan,nan,nan,0.0,12.402011,0.0,0.0,nan,0.0,0.0,0.090148516,0.0,0.0,0.0,0.0,0.0,0.0,0.0,0.0
282344323,0.09909362,0.099093586,0.21345079,0.34199554,0.3419954,0.0,0.0,0.0,0.0,0.0,0.0,0.0,nan,nan,nan,nan,nan,nan,0.0,12.401333,0.0,0.0,nan,0.0,0.0,0.09014855,0.0,0.0,0.0,0.0,0.0,0.0,0.0,0.0
282534771,0.09908572,0.09908569,0.21343313,0.34196505,0.3419649,0.0,0.0,0.0,0.0,0.0,0.0,0.0,nan,nan,nan,nan,nan,nan,0.0,12.401847,0.0,0.0,nan,0.0,0.0,0.09014858,0.0,0.0,0.0,0.0,0.0,0.0,0.0,0.0
282735243,0.09907946,0.099079445,0.21347228,0.34082517,0.34082505,0.0,0.0,0.0,0.0,0.0,0.0,0.0,nan,nan,nan,nan,nan,nan,0.0,12.401852,0.0,0.0,nan,0.0,0.0,0.09014862,0.0,0.0,0.0,0.0,0.0,0.0,0.0,0.0
282935715,0.09901738,0.09901807,0.21341598,0.340579,0.34057888,0.0,0.0,0.0,0.0,0.0,0.0,0.0,nan,nan,nan,nan,nan,nan,0.0,12.40118,0.0,0.0,nan,0.0,0.0,0.09014865,0.0,0.0,0.0,0.0,0.0,0.0,0.0,0.0
283136187,0.0991413,0.09914873,0.21344005,0.3407867,0.3407866,0.0,0.0,0.0,0.0,0.0,0.0,0.0,nan,nan,nan,nan,nan,nan,0.0,12.401691,0.0,0.0,nan,0.0,0.0,0.0901487,0.0,0.0,0.0,0.0,0.0,0.0,0.0,0.0
283336659,0.09909173,0.09910896,0.213402,0.3403361,0.340336,0.0,0.0,0.0,0.0,0.0,0.0,0.0,nan,nan,nan,nan,nan,nan,0.0,12.401706,0.0,0.0,nan,0.0,0.0,0.09014873,0.0,0.0,0.0,0.0,0.0,0.0,0.0,0.0
283537131,0.09936576,0.099399015,0.21346778,0.3407855,0.34078553,0.0,0.0,0.0,0.0,0.0,0.0,0.0,nan,nan,nan,nan,nan,nan,0.0,12.401714,0.0,0.0,nan,0.0,0.0,0.09014877,0.0,0.0,0.0,0.0,0.0,0.0,0.0,0.0
283742615,0.09941243,0.09946032,0.21341226,0.3394394,0.33943975,0.0,0.0,0.0,0.0,0.0,0.0,0.0,nan,nan,nan,nan,nan,nan,0.0,12.4010515,0.0,0.0,nan,0.0,0.0,0.09014889,0.0,0.0,0.0,0.0,0.0,0.0,0.0,0.0
283943086,0.09960937,0.09967464,0.21343622,0.33965054,0.33965167,0.0,0.0,0.0,0.0,0.0,0.0,0.0,nan,nan,nan,nan,nan,nan,0.0,12.401559,0.0,0.0,nan,0.0,0.0,0.09014893,0.0,0.0,0.0,0.0,0.0,0.0,0.0,0.0
284143559,0.099724874,0.09980503,0.21341881,0.3396284,0.33963066,0.0,0.0,0.0,0.0,0.0,0.0,0.0,nan,nan,nan,nan,nan,nan,0.0,12.402069,0.0,0.0,nan,0.0,0.0,0.09014895,0.0,0.0,0.0,0.0,0.0,0.0,0.0,0.0
284334008,0.09985039,0.09994372,0.21345823,0.33961257,0.33961633,0.0,0.0,0.0,0.0,0.0,0.0,0.0,nan,nan,nan,nan,nan,nan,0.0,12.401392,0.0,0.0,nan,0.0,0.0,0.09014901,0.0,0.0,0.0,0.0,0.0,0.0,0.0,0.0
284534479,0.10002212,0.10012782,0.21347861,0.3398213,0.3398274,0.0,0.0,0.0,0.0,0.0,0.0,0.0,nan,nan,nan,nan,nan,nan,0.0,12.402899,0.0,0.0,nan,0.0,0.0,0.09014904,0.0,0.0,0.0,0.0,0.0,0.0,0.0,0.0
284744974,0.099996455,0.10010832,0.21347389,0.33846954,0.33847734,0.0,0.0,0.0,0.0,0.0,0.0,0.0,nan,nan,nan,nan,nan,nan,0.0,12.40284,0.0,0.0,nan,0.0,0.0,0.09014907,0.0,0.0,0.0,0.0,0.0,0.0,0.0,0.0
284945447,0.099984944,0.10010095,0.21341506,0.33825043,0.33826023,0.0,0.0,0.0,0.0,0.0,0.0,0.0,nan,nan,nan,nan,nan,nan,0.0,12.402121,0.0,0.0,nan,0.0,0.0,0.090149194,0.0,0.0,0.0,0.0,0.0,0.0,0.0,0.0
285135895,0.10003791,0.10015713,0.21339874,0.33827853,0.33829102,0.0,0.0,0.0,0.0,0.0,0.0,0.0,nan,nan,nan,nan,nan,nan,0.0,12.402079,0.0,0.0,nan,0.0,0.0,0.090149224,0.0,0.0,0.0,0.0,0.0,0.0,0.0,0.0
285336367,0.100140974,0.10026254,0.21342155,0.33852777,0.33854374,0.0,0.0,0.0,0.0,0.0,0.0,0.0,nan,nan,nan,nan,nan,nan,0.0,12.40255,0.0,0.0,nan,0.0,0.0,0.09014925,0.0,0.0,0.0,0.0,0.0,0.0,0.0,0.0
285536839,0.10007922,0.100197636,0.21342173,0.33720773,0.33722562,0.0,0.0,0.0,0.0,0.0,0.0,0.0,nan,nan,nan,nan,nan,nan,0.0,12.401847,0.0,0.0,nan,0.0,0.0,0.09014926,0.0,0.0,0.0,0.0,0.0,0.0,0.0,0.0
285737312,0.100061804,0.10017728,0.21340704,0.33723235,0.33725286,0.0,0.0,0.0,0.0,0.0,0.0,0.0,nan,nan,nan,nan,nan,nan,0.0,12.401817,0.0,0.0,nan,0.0,0.0,0.09014928,0.0,0.0,0.0,0.0,0.0,0.0,0.0,0.0
285937783,0.100046955,0.10015762,0.21339244,0.33725673,0.33727968,0.0,0.0,0.0,0.0,0.0,0.0,0.0,nan,nan,nan,nan,nan,nan,0.0,12.402297,0.0,0.0,nan,0.0,0.0,0.090149306,0.0,0.0,0.0,0.0,0.0,0.0,0.0,0.0
286143267,0.100025356,0.10013013,0.21343468,0.33617404,0.3361991,0.0,0.0,0.0,0.0,0.0,0.0,0.0,nan,nan,nan,nan,nan,nan,0.0,12.40227,0.0,0.0,nan,0.0,0.0,0.09014931,0.0,0.0,0.0,0.0,0.0,0.0,0.0,0.0
286343739,0.10002695,0.100126274,0.213459,0.3364058,0.3364336,0.0,0.0,0.0,0.0,0.0,0.0,0.0,nan,nan,nan,nan,nan,nan,0.0,12.402073,0.0,0.0,nan,0.0,0.0,0.09014945,0.0,0.0,0.0,0.0,0.0,0.0,0.0,0.0
286544211,0.0999472,0.100039095,0.21344173,0.3363896,0.33641872,0.0,0.0,0.0,0.0,0.0,0.0,0.0,nan,nan,nan,nan,nan,nan,0.0,12.402034,0.0,0.0,nan,0.0,0.0,0.090149455,0.0,0.0,0.0,0.0,0.0,0.0,0.0,0.0
286734659,0.099879675,0.09996346,0.21342526,0.33637425,0.33640435,0.0,0.0,0.0,0.0,0.0,0.0,0.0,nan,nan,nan,nan,nan,nan,0.0,12.402001,0.0,0.0,nan,0.0,0.0,0.090149485,0.0,0.0,0.0,0.0,0.0,0.0,0.0,0.0
286935131,0.0998203,0.099896155,0.21346614,0.33635798,0.33638877,0.0,0.0,0.0,0.0,0.0,0.0,0.0,nan,nan,nan,nan,nan,nan,0.0,12.401307,0.0,0.0,nan,0.0,0.0,0.0901495,0.0,0.0,0.0,0.0,0.0,0.0,0.0,0.0
287135603,0.09967235,0.099739805,0.21341246,0.33502078,0.33505112,0.0,0.0,0.0,0.0,0.0,0.0,0.0,nan,nan,nan,nan,nan,nan,0.0,12.401794,0.0,0.0,nan,0.0,0.0,0.0901495,0.0,0.0,0.0,0.0,0.0,0.0,0.0,0.0
287336076,0.099545866,0.099605896,0.21341775,0.33480442,0.3348342,0.0,0.0,0.0,0.0,0.0,0.0,0.0,nan,nan,nan,nan,nan,nan,0.0,12.401783,0.0,0.0,nan,0.0,0.0,0.09014951,0.0,0.0,0.0,0.0,0.0,0.0,0.0,0.0
287536547,0.09955919,0.09961266,0.21344754,0.33504677,0.3350772,0.0,0.0,0.0,0.0,0.0,0.0,0.0,nan,nan,nan,nan,nan,nan,0.0,12.401774,0.0,0.0,nan,0.0,0.0,0.090149514,0.0,0.0,0.0,0.0,0.0,0.0,0.0,0.0
287742070,0.099505484,0.0995521,0.21343613,0.3350416,0.33507153,0.0,0.0,0.0,0.0,0.0,0.0,0.0,nan,nan,nan,nan,nan,nan,0.0,12.402282,0.0,0.0,nan,0.0,0.0,0.09014952,0.0,0.0,0.0,0.0,0.0,0.0,0.0,0.0
287942503,0.09946455,0.09950444,0.21342528,0.33503285,0.33506206,0.0,0.0,0.0,0.0,0.0,0.0,0.0,nan,nan,nan,nan,nan,nan,0.0,12.401603,0.0,0.0,nan,0.0,0.0,0.090149626,0.0,0.0,0.0,0.0,0.0,0.0,0.0,0.0
288142975,0.09938362,0.099417984,0.21341339,0.3350223,0.33505055,0.0,0.0,0.0,0.0,0.0,0.0,0.0,nan,nan,nan,nan,nan,nan,0.0,12.402099,0.0,0.0,nan,0.0,0.0,0.090149626,0.0,0.0,0.0,0.0,0.0,0.0,0.0,0.0
288343447,0.09937677,0.099406295,0.21349736,0.33522892,0.33525646,0.0,0.0,0.0,0.0,0.0,0.0,0.0,nan,nan,nan,nan,nan,nan,0.0,12.402082,0.0,0.0,nan,0.0,0.0,0.09014961,0.0,0.0,0.0,0.0,0.0,0.0,0.0,0.0
288533896,0.099332355,0.09935664,0.21348351,0.33518952,0.33521557,0.0,0.0,0.0,0.0,0.0,0.0,0.0,nan,nan,nan,nan,nan,nan,0.0,12.401397,0.0,0.0,nan,0.0,0.0,0.0901496,0.0,0.0,0.0,0.0,0.0,0.0,0.0,0.0
288734389,0.099166706,0.09918606,0.21339251,0.33472115,0.3347449,0.0,0.0,0.0,0.0,0.0,0.0,0.0,nan,nan,nan,nan,nan,nan,0.0,12.401906,0.0,0.0,nan,0.0,0.0,0.09014959,0.0,0.0,0.0,0.0,0.0,0.0,0.0,0.0
288944864,0.0991878,0.0992033,0.21347982,0.3338495,0.3338721,0.0,0.0,0.0,0.0,0.0,0.0,0.0,nan,nan,nan,nan,nan,nan,0.0,12.401898,0.0,0.0,nan,0.0,0.0,0.09014968,0.0,0.0,0.0,0.0,0.0,0.0,0.0,0.0
289145351,0.0991654,0.09917758,0.21346937,0.33382538,0.33384633,0.0,0.0,0.0,0.0,0.0,0.0,0.0,nan,nan,nan,nan,nan,nan,0.0,12.401896,0.0,0.0,nan,0.0,0.0,0.09014966,0.0,0.0,0.0,0.0,0.0,0.0,0.0,0.0
289335785,0.09918407,0.09919347,0.21349847,0.33401823,0.33403772,0.0,0.0,0.0,0.0,0.0,0.0,0.0,nan,nan,nan,nan,nan,nan,0.0,12.401217,0.0,0.0,nan,0.0,0.0,0.09014967,0.0,0.0,0.0,0.0,0.0,0.0,0.0,0.0
289536278,0.09908887,0.09909611,0.2134471,0.33375686,0.33377427,0.0,0.0,0.0,0.0,0.0,0.0,0.0,nan,nan,nan,nan,nan,nan,0.0,12.401731,0.0,0.0,nan,0.0,0.0,0.09014964,0.0,0.0,0.0,0.0,0.0,0.0,0.0,0.0
289736780,0.099078774,0.09908362,0.2134943,0.33373785,0.33375356,0.0,0.0,0.0,0.0,0.0,0.0,0.0,nan,nan,nan,nan,nan,nan,0.0,12.401737,0.0,0.0,nan,0.0,0.0,0.09014961,0.0,0.0,0.0,0.0,0.0,0.0,0.0,0.0
289937201,0.099062696,0.099066,0.2134853,0.3337198,0.33373383,0.0,0.0,0.0,0.0,0.0,0.0,0.0,nan,nan,nan,nan,nan,nan,0.0,12.401749,0.0,0.0,nan,0.0,0.0,0.09014958,0.0,0.0,0.0,0.0,0.0,0.0,0.0,0.0
290137674,0.09904853,0.09905073,0.2134767,0.333703,0.33371538,0.0,0.0,0.0,0.0,0.0,0.0,0.0,nan,nan,nan,nan,nan,nan,0.0,12.401085,0.0,0.0,nan,0.0,0.0,0.090149544,0.0,0.0,0.0,0.0,0.0,0.0,0.0,0.0
290338145,0.09904231,0.09904353,0.21346837,0.33368692,0.33369777,0.0,0.0,0.0,0.0,0.0,0.0,0.0,nan,nan,nan,nan,nan,nan,0.0,12.40161,0.0,0.0,nan,0.0,0.0,0.09014951,0.0,0.0,0.0,0.0,0.0,0.0,0.0,0.0
290543629,0.0990995,0.09909999,0.21349911,0.33388457,0.33389398,0.0,0.0,0.0,0.0,0.0,0.0,0.0,nan,nan,nan,nan,nan,nan,0.0,12.401624,0.0,0.0,nan,0.0,0.0,0.09014945,0.0,0.0,0.0,0.0,0.0,0.0,0.0,0.0
290744103,0.09912687,0.09912693,0.21358442,0.33405936,0.33406737,0.0,0.0,0.0,0.0,0.0,0.0,0.0,nan,nan,nan,nan,nan,nan,0.0,12.402142,0.0,0.0,nan,0.0,0.0,0.09014954,0.0,0.0,0.0,0.0,0.0,0.0,0.0,0.0
290944574,0.09903496,0.09903477,0.21353045,0.33378378,0.33379048,0.0,0.0,0.0,0.0,0.0,0.0,0.0,nan,nan,nan,nan,nan,nan,0.0,12.4014635,0.0,0.0,nan,0.0,0.0,0.09014948,0.0,0.0,0.0,0.0,0.0,0.0,0.0,0.0
291135023,0.09897198,0.09897178,0.21348019,0.33354145,0.333547,0.0,0.0,0.0,0.0,0.0,0.0,0.0,nan,nan,nan,nan,nan,nan,0.0,12.401475,0.0,0.0,nan,0.0,0.0,0.090149425,0.0,0.0,0.0,0.0,0.0,0.0,0.0,0.0
291335495,0.098981805,0.09898144,0.21352915,0.3335382,0.3335427,0.0,0.0,0.0,0.0,0.0,0.0,0.0,nan,nan,nan,nan,nan,nan,0.0,12.401997,0.0,0.0,nan,0.0,0.0,0.09014937,0.0,0.0,0.0,0.0,0.0,0.0,0.0,0.0
291535967,0.09897944,0.09897913,0.21352094,0.33243793,0.33244154,0.0,0.0,0.0,0.0,0.0,0.0,0.0,nan,nan,nan,nan,nan,nan,0.0,12.401325,0.0,0.0,nan,0.0,0.0,0.090149306,0.0,0.0,0.0,0.0,0.0,0.0,0.0,0.0
291736439,0.098988615,0.09898916,0.21351323,0.3324276,0.33243033,0.0,0.0,0.0,0.0,0.0,0.0,0.0,nan,nan,nan,nan,nan,nan,0.0,12.401338,0.0,0.0,nan,0.0,0.0,0.090149246,0.0,0.0,0.0,0.0,0.0,0.0,0.0,0.0
291936911,0.09901493,0.09901601,0.21350609,0.33241788,0.3324199,0.0,0.0,0.0,0.0,0.0,0.0,0.0,nan,nan,nan,nan,nan,nan,0.0,12.401865,0.0,0.0,nan,0.0,0.0,0.09014921,0.0,0.0,0.0,0.0,0.0,0.0,0.0,0.0
292137384,0.099015564,0.09901668,0.2135557,0.3324108,0.33241227,0.0,0.0,0.0,0.0,0.0,0.0,0.0,nan,nan,nan,nan,nan,nan,0.0,12.401883,0.0,0.0,nan,0.0,0.0,0.090149134,0.0,0.0,0.0,0.0,0.0,0.0,0.0,0.0
292337862,0.09902076,0.09902251,0.21354865,0.33130875,0.33130974,0.0,0.0,0.0,0.0,0.0,0.0,0.0,nan,nan,nan,nan,nan,nan,0.0,12.40122,0.0,0.0,nan,0.0,0.0,0.09014906,0.0,0.0,0.0,0.0,0.0,0.0,0.0,0.0
292543340,0.09908848,0.09909109,0.2135818,0.33150658,0.33150715,0.0,0.0,0.0,0.0,0.0,0.0,0.0,nan,nan,nan,nan,nan,nan,0.0,12.401239,0.0,0.0,nan,0.0,0.0,0.09014907,0.0,0.0,0.0,0.0,0.0,0.0,0.0,0.0
292733788,0.09900092,0.09900394,0.21358913,0.33126,0.33126023,0.0,0.0,0.0,0.0,0.0,0.0,0.0,nan,nan,nan,nan,nan,nan,0.0,12.401772,0.0,0.0,nan,0.0,0.0,0.090149015,0.0,0.0,0.0,0.0,0.0,0.0,0.0,0.0
292934260,0.099007875,0.09901122,0.21358183,0.3312522,0.33125222,0.0,0.0,0.0,0.0,0.0,0.0,0.0,nan,nan,nan,nan,nan,nan,0.0,12.401103,0.0,0.0,nan,0.0,0.0,0.090148926,0.0,0.0,0.0,0.0,0.0,0.0,0.0,0.0
293144788,0.099021316,0.0990255,0.21357498,0.33124644,0.33124632,0.0,0.0,0.0,0.0,0.0,0.0,0.0,nan,nan,nan,nan,nan,nan,0.0,12.401628,0.0,0.0,nan,0.0,0.0,0.09014881,0.0,0.0,0.0,0.0,0.0,0.0,0.0,0.0
293345229,0.09909095,0.099095196,0.21360806,0.33145413,0.33145395,0.0,0.0,0.0,0.0,0.0,0.0,0.0,nan,nan,nan,nan,nan,nan,0.0,12.40164,0.0,0.0,nan,0.0,0.0,0.09014873,0.0,0.0,0.0,0.0,0.0,0.0,0.0,0.0
293535677,0.099093854,0.09909903,0.21359898,0.33033186,0.33033168,0.0,0.0,0.0,0.0,0.0,0.0,0.0,nan,nan,nan,nan,nan,nan,0.0,12.401657,0.0,0.0,nan,0.0,0.0,0.090148635,0.0,0.0,0.0,0.0,0.0,0.0,0.0,0.0
293736150,0.09908605,0.09909152,0.21364763,0.33029845,0.33029833,0.0,0.0,0.0,0.0,0.0,0.0,0.0,nan,nan,nan,nan,nan,nan,0.0,12.400991,0.0,0.0,nan,0.0,0.0,0.09014864,0.0,0.0,0.0,0.0,0.0,0.0,0.0,0.0
293941634,0.09901889,0.09902475,0.2135995,0.33005923,0.33005917,0.0,0.0,0.0,0.0,0.0,0.0,0.0,nan,nan,nan,nan,nan,nan,0.0,12.401526,0.0,0.0,nan,0.0,0.0,0.09014854,0.0,0.0,0.0,0.0,0.0,0.0,0.0,0.0
294142106,0.09901301,0.09901908,0.21359326,0.33005908,0.33005914,0.0,0.0,0.0,0.0,0.0,0.0,0.0,nan,nan,nan,nan,nan,nan,0.0,12.401548,0.0,0.0,nan,0.0,0.0,0.09014842,0.0,0.0,0.0,0.0,0.0,0.0,0.0,0.0
294342578,0.09915262,0.09915924,0.2136684,0.3304819,0.33048213,0.0,0.0,0.0,0.0,0.0,0.0,0.0,nan,nan,nan,nan,nan,nan,0.0,12.402077,0.0,0.0,nan,0.0,0.0,0.09014831,0.0,0.0,0.0,0.0,0.0,0.0,0.0,0.0
294543049,0.099066906,0.09907358,0.21367408,0.32912797,0.32912832,0.0,0.0,0.0,0.0,0.0,0.0,0.0,nan,nan,nan,nan,nan,nan,0.0,12.402092,0.0,0.0,nan,0.0,0.0,0.09014819,0.0,0.0,0.0,0.0,0.0,0.0,0.0,0.0
294743531,0.09907585,0.09908278,0.21366605,0.3290993,0.32909983,0.0,0.0,0.0,0.0,0.0,0.0,0.0,nan,nan,nan,nan,nan,nan,0.0,12.401416,0.0,0.0,nan,0.0,0.0,0.09014817,0.0,0.0,0.0,0.0,0.0,0.0,0.0,0.0
294943996,0.09907899,0.09908608,0.2136582,0.32907453,0.32907522,0.0,0.0,0.0,0.0,0.0,0.0,0.0,nan,nan,nan,nan,nan,nan,0.0,12.401948,0.0,0.0,nan,0.0,0.0,0.09014805,0.0,0.0,0.0,0.0,0.0,0.0,0.0,0.0
295144468,0.09906808,0.09907528,0.21370743,0.32905462,0.32905552,0.0,0.0,0.0,0.0,0.0,0.0,0.0,nan,nan,nan,nan,nan,nan,0.0,12.401968,0.0,0.0,nan,0.0,0.0,0.09014792,0.0,0.0,0.0,0.0,0.0,0.0,0.0,0.0
295334916,0.09907632,0.09908368,0.21369989,0.32903725,0.32903832,0.0,0.0,0.0,0.0,0.0,0.0,0.0,nan,nan,nan,nan,nan,nan,0.0,12.401299,0.0,0.0,nan,0.0,0.0,0.09014782,0.0,0.0,0.0,0.0,0.0,0.0,0.0,0.0
295535388,0.09900105,0.0990082,0.21365087,0.32881397,0.32881522,0.0,0.0,0.0,0.0,0.0,0.0,0.0,nan,nan,nan,nan,nan,nan,0.0,12.40133,0.0,0.0,nan,0.0,0.0,0.09014769,0.0,0.0,0.0,0.0,0.0,0.0,0.0,0.0
295735861,0.09908047,0.099087834,0.21368666,0.32903764,0.32903913,0.0,0.0,0.0,0.0,0.0,0.0,0.0,nan,nan,nan,nan,nan,nan,0.0,12.401872,0.0,0.0,nan,0.0,0.0,0.09014756,0.0,0.0,0.0,0.0,0.0,0.0,0.0,0.0
295936334,0.09901332,0.09902057,0.21369484,0.3288165,0.3288181,0.0,0.0,0.0,0.0,0.0,0.0,0.0,nan,nan,nan,nan,nan,nan,0.0,12.401901,0.0,0.0,nan,0.0,0.0,0.09014742,0.0,0.0,0.0,0.0,0.0,0.0,0.0,0.0
296136809,0.099040285,0.099047534,0.2136899,0.32883054,0.32883233,0.0,0.0,0.0,0.0,0.0,0.0,0.0,nan,nan,nan,nan,nan,nan,0.0,12.401243,0.0,0.0,nan,0.0,0.0,0.09014729,0.0,0.0,0.0,0.0,0.0,0.0,0.0,0.0
296337278,0.099109605,0.09911702,0.21372429,0.32905498,0.32905698,0.0,0.0,0.0,0.0,0.0,0.0,0.0,nan,nan,nan,nan,nan,nan,0.0,12.401782,0.0,0.0,nan,0.0,0.0,0.09014713,0.0,0.0,0.0,0.0,0.0,0.0,0.0,0.0
296537750,0.09916694,0.09917429,0.21375613,0.3292559,0.32925814,0.0,0.0,0.0,0.0,0.0,0.0,0.0,nan,nan,nan,nan,nan,nan,0.0,12.401805,0.0,0.0,nan,0.0,0.0,0.09014698,0.0,0.0,0.0,0.0,0.0,0.0,0.0,0.0
296738252,0.09901173,0.09901864,0.21372004,0.32879874,0.32880095,0.0,0.0,0.0,0.0,0.0,0.0,0.0,nan,nan,nan,nan,nan,nan,0.0,12.401842,0.0,0.0,nan,0.0,0.0,0.09014683,0.0,0.0,0.0,0.0,0.0,0.0,0.0,0.0
296938711,0.099021345,0.09902815,0.21371444,0.32881737,0.3288197,0.0,0.0,0.0,0.0,0.0,0.0,0.0,nan,nan,nan,nan,nan,nan,0.0,12.401183,0.0,0.0,nan,0.0,0.0,0.09014667,0.0,0.0,0.0,0.0,0.0,0.0,0.0,0.0
297134155,0.099034324,0.099040926,0.21370913,0.3288343,0.32883674,0.0,0.0,0.0,0.0,0.0,0.0,0.0,nan,nan,nan,nan,nan,nan,0.0,12.401736,0.0,0.0,nan,0.0,0.0,0.090146616,0.0,0.0,0.0,0.0,0.0,0.0,0.0,0.0
297344652,0.099076234,0.09908252,0.21374191,0.32906026,0.32906285,0.0,0.0,0.0,0.0,0.0,0.0,0.0,nan,nan,nan,nan,nan,nan,0.0,12.40176,0.0,0.0,nan,0.0,0.0,0.09014646,0.0,0.0,0.0,0.0,0.0,0.0,0.0,0.0
297545124,0.099002406,0.09900823,0.21374923,0.3288372,0.3288398,0.0,0.0,0.0,0.0,0.0,0.0,0.0,nan,nan,nan,nan,nan,nan,0.0,12.402309,0.0,0.0,nan,0.0,0.0,0.090146296,0.0,0.0,0.0,0.0,0.0,0.0,0.0,0.0
297735573,0.098999,0.099004656,0.21374184,0.32885253,0.32885522,0.0,0.0,0.0,0.0,0.0,0.0,0.0,nan,nan,nan,nan,nan,nan,0.0,12.401637,0.0,0.0,nan,0.0,0.0,0.090146124,0.0,0.0,0.0,0.0,0.0,0.0,0.0,0.0
297936047,0.09901986,0.09902538,0.21373595,0.32886508,0.3288678,0.0,0.0,0.0,0.0,0.0,0.0,0.0,nan,nan,nan,nan,nan,nan,0.0,12.4016695,0.0,0.0,nan,0.0,0.0,0.09014599,0.0,0.0,0.0,0.0,0.0,0.0,0.0,0.0
298136518,0.09902254,0.099027365,0.21378644,0.32887697,0.32887974,0.0,0.0,0.0,0.0,0.0,0.0,0.0,nan,nan,nan,nan,nan,nan,0.0,12.402224,0.0,0.0,nan,0.0,0.0,0.09014581,0.0,0.0,0.0,0.0,0.0,0.0,0.0,0.0
298336990,0.099036336,0.099040866,0.2137807,0.32888627,0.328889,0.0,0.0,0.0,0.0,0.0,0.0,0.0,nan,nan,nan,nan,nan,nan,0.0,12.401556,0.0,0.0,nan,0.0,0.0,0.09014575,0.0,0.0,0.0,0.0,0.0,0.0,0.0,0.0
298537463,0.09902579,0.09902957,0.2137724,0.32780433,0.32780704,0.0,0.0,0.0,0.0,0.0,0.0,0.0,nan,nan,nan,nan,nan,nan,0.0,12.401592,0.0,0.0,nan,0.0,0.0,0.09014558,0.0,0.0,0.0,0.0,0.0,0.0,0.0,0.0
298742947,0.0990327,0.09903591,0.21376501,0.32780305,0.3278057,0.0,0.0,0.0,0.0,0.0,0.0,0.0,nan,nan,nan,nan,nan,nan,0.0,12.402148,0.0,0.0,nan,0.0,0.0,0.09014539,0.0,0.0,0.0,0.0,0.0,0.0,0.0,0.0
298943420,0.099003784,0.099006444,0.21381281,0.3288939,0.32889646,0.0,0.0,0.0,0.0,0.0,0.0,0.0,nan,nan,nan,nan,nan,nan,0.0,12.402177,0.0,0.0,nan,0.0,0.0,0.09014523,0.0,0.0,0.0,0.0,0.0,0.0,0.0,0.0
299143891,0.09906263,0.09906479,0.21384434,0.32911375,0.32911628,0.0,0.0,0.0,0.0,0.0,0.0,0.0,nan,nan,nan,nan,nan,nan,0.0,12.401496,0.0,0.0,nan,0.0,0.0,0.09014516,0.0,0.0,0.0,0.0,0.0,0.0,0.0,0.0
299344364,0.09905769,0.09905961,0.2138324,0.32909492,0.3290973,0.0,0.0,0.0,0.0,0.0,0.0,0.0,nan,nan,nan,nan,nan,nan,0.0,12.402037,0.0,0.0,nan,0.0,0.0,0.090145,0.0,0.0,0.0,0.0,0.0,0.0,0.0,0.0
299534812,0.098976254,0.098976605,0.21383503,0.32886773,0.32886994,0.0,0.0,0.0,0.0,0.0,0.0,0.0,nan,nan,nan,nan,nan,nan,0.0,12.402069,0.0,0.0,nan,0.0,0.0,0.090144835,0.0,0.0,0.0,0.0,0.0,0.0,0.0,0.0
299735285,0.09899189,0.09899062,0.21382576,0.32887655,0.32887858,0.0,0.0,0.0,0.0,0.0,0.0,0.0,nan,nan,nan,nan,nan,nan,0.0,12.402104,0.0,0.0,nan,0.0,0.0,0.09014466,0.0,0.0,0.0,0.0,0.0,0.0,0.0,0.0
299935758,0.09900032,0.098998174,0.21381593,0.3299771,0.32997894,0.0,0.0,0.0,0.0,0.0,0.0,0.0,nan,nan,nan,nan,nan,nan,0.0,12.401435,0.0,0.0,nan,0.0,0.0,0.09014447,0.0,0.0,0.0,0.0,0.0,0.0,0.0,0.0
300141241,0.09900945,0.09900606,0.21380572,0.32999426,0.3299958,0.0,0.0,0.0,0.0,0.0,0.0,0.0,nan,nan,nan,nan,nan,nan,0.0,12.401982,0.0,0.0,nan,0.0,0.0,0.09014426,0.0,0.0,0.0,0.0,0.0,0.0,0.0,0.0
300341715,0.09905369,0.09904884,0.21389353,0.33022133,0.33022258,0.0,0.0,0.0,0.0,0.0,0.0,0.0,nan,nan,nan,nan,nan,nan,0.0,12.402515,0.0,0.0,nan,0.0,0.0,0.09014438,0.0,0.0,0.0,0.0,0.0,0.0,0.0,0.0
300542187,0.09906187,0.099058,0.21388055,0.33130306,0.33130398,0.0,0.0,0.0,0.0,0.0,0.0,0.0,nan,nan,nan,nan,nan,nan,0.0,12.40253,0.0,0.0,nan,0.0,0.0,0.0901442,0.0,0.0,0.0,0.0,0.0,0.0,0.0,0.0
300742660,0.099172466,0.099168785,0.21394819,0.33172935,0.33172992,0.0,0.0,0.0,0.0,0.0,0.0,0.0,nan,nan,nan,nan,nan,nan,0.0,12.401826,0.0,0.0,nan,0.0,0.0,0.09014399,0.0,0.0,0.0,0.0,0.0,0.0,0.0,0.0
300943132,0.09895549,0.09895113,0.21380362,0.33104092,0.3310413,0.0,0.0,0.0,0.0,0.0,0.0,0.0,nan,nan,nan,nan,nan,nan,0.0,12.402367,0.0,0.0,nan,0.0,0.0,0.090143785,0.0,0.0,0.0,0.0,0.0,0.0,0.0,0.0
301143603,0.09904098,0.099035606,0.21389486,0.33237502,0.3323751,0.0,0.0,0.0,0.0,0.0,0.0,0.0,nan,nan,nan,nan,nan,nan,0.0,12.402387,0.0,0.0,nan,0.0,0.0,0.0901436,0.0,0.0,0.0,0.0,0.0,0.0,0.0,0.0
301334053,0.098962754,0.098956734,0.21383795,0.3321768,0.33217663,0.0,0.0,0.0,0.0,0.0,0.0,0.0,nan,nan,nan,nan,nan,nan,0.0,12.401706,0.0,0.0,nan,0.0,0.0,0.09014343,0.0,0.0,0.0,0.0,0.0,0.0,0.0,0.0
301544549,0.09907763,0.099069215,0.21387269,0.33241844,0.33241794,0.0,0.0,0.0,0.0,0.0,0.0,0.0,nan,nan,nan,nan,nan,nan,0.0,12.402757,0.0,0.0,nan,0.0,0.0,0.090143174,0.0,0.0,0.0,0.0,0.0,0.0,0.0,0.0
301745022,0.09902507,0.09901614,0.21387674,0.33221057,0.33220974,0.0,0.0,0.0,0.0,0.0,0.0,0.0,nan,nan,nan,nan,nan,nan,0.0,12.402757,0.0,0.0,nan,0.0,0.0,0.09014319,0.0,0.0,0.0,0.0,0.0,0.0,0.0,0.0
301935470,0.09912974,0.09911988,0.21387462,0.33223668,0.33223537,0.0,0.0,0.0,0.0,0.0,0.0,0.0,nan,nan,nan,nan,nan,nan,0.0,12.402053,0.0,0.0,nan,0.0,0.0,0.090142965,0.0,0.0,0.0,0.0,0.0,0.0,0.0,0.0
302135943,0.09923553,0.099224135,0.21387239,0.33226854,0.33226687,0.0,0.0,0.0,0.0,0.0,0.0,0.0,nan,nan,nan,nan,nan,nan,0.0,12.4020605,0.0,0.0,nan,0.0,0.0,0.09014272,0.0,0.0,0.0,0.0,0.0,0.0,0.0,0.0
302336416,0.09927881,0.09926291,0.21388866,0.33208987,0.332088,0.0,0.0,0.0,0.0,0.0,0.0,0.0,nan,nan,nan,nan,nan,nan,0.0,12.402598,0.0,0.0,nan,0.0,0.0,0.09014247,0.0,0.0,0.0,0.0,0.0,0.0,0.0,0.0
302536892,0.09945175,0.099429436,0.2139446,0.3327948,0.3327924,0.0,0.0,0.0,0.0,0.0,0.0,0.0,nan,nan,nan,nan,nan,nan,0.0,12.402603,0.0,0.0,nan,0.0,0.0,0.09014219,0.0,0.0,0.0,0.0,0.0,0.0,0.0,0.0
302737361,0.09928953,0.09926358,0.2139399,0.33255643,0.3325538,0.0,0.0,0.0,0.0,0.0,0.0,0.0,nan,nan,nan,nan,nan,nan,0.0,12.401906,0.0,0.0,nan,0.0,0.0,0.09014198,0.0,0.0,0.0,0.0,0.0,0.0,0.0,0.0
302937833,0.09905703,0.09903197,0.21387,0.3323473,0.33234435,0.0,0.0,0.0,0.0,0.0,0.0,0.0,nan,nan,nan,nan,nan,nan,0.0,12.401927,0.0,0.0,nan,0.0,0.0,0.090141706,0.0,0.0,0.0,0.0,0.0,0.0,0.0,0.0
303143325,0.09885121,0.09882969,0.213897,0.33236313,0.33235955,0.0,0.0,0.0,0.0,0.0,0.0,0.0,nan,nan,nan,nan,nan,nan,0.0,12.402463,0.0,0.0,nan,0.0,0.0,0.09014144,0.0,0.0,0.0,0.0,0.0,0.0,0.0,0.0
303343792,0.09870031,0.09868837,0.21387143,0.33345824,0.333454,0.0,0.0,0.0,0.0,0.0,0.0,0.0,nan,nan,nan,nan,nan,nan,0.0,12.402993,0.0,0.0,nan,0.0,0.0,0.09014114,0.0,0.0,0.0,0.0,0.0,0.0,0.0,0.0
303544262,0.09910056,0.0990929,0.21395564,0.3336555,0.33365047,0.0,0.0,0.0,0.0,0.0,0.0,0.0,nan,nan,nan,nan,nan,nan,0.0,12.402279,0.0,0.0,nan,0.0,0.0,0.090141505,0.0,0.0,0.0,0.0,0.0,0.0,0.0,0.0
303734717,0.099287115,0.09928817,0.2139435,0.3334376,0.33343214,0.0,0.0,0.0,0.0,0.0,0.0,0.0,nan,nan,nan,nan,nan,nan,0.0,12.402289,0.0,0.0,nan,0.0,0.0,0.09014137,0.0,0.0,0.0,0.0,0.0,0.0,0.0,0.0
303935184,0.099148944,0.099127054,0.21395236,0.33369562,0.33369052,0.0,0.0,0.0,0.0,0.0,0.0,0.0,nan,nan,nan,nan,nan,nan,0.0,12.402824,0.0,0.0,nan,0.0,0.0,0.09014105,0.0,0.0,0.0,0.0,0.0,0.0,0.0,0.0
304135659,0.0993201,0.099078774,0.21396813,0.33365893,0.33365408,0.0,0.0,0.0,0.0,0.0,0.0,0.0,nan,nan,nan,nan,nan,nan,0.0,12.402123,0.0,0.0,nan,0.0,0.0,0.09014078,0.0,0.0,0.0,0.0,0.0,0.0,0.0,0.0
304336131,0.09959124,0.09940572,0.21355365,0.33363476,0.3336303,0.0,0.0,0.0,0.0,0.0,0.0,0.0,nan,nan,nan,nan,nan,nan,0.0,12.402134,0.0,0.0,nan,0.0,0.0,0.09014069,0.0,0.0,0.0,0.0,0.0,0.0,0.0,0.0
304536601,0.09927197,0.09919734,0.21311085,0.33364612,0.333638,0.0,0.0,0.0,0.0,0.0,0.0,0.0,nan,nan,nan,nan,nan,nan,0.0,12.402092,0.0,0.0,nan,0.0,0.0,0.09014055,0.0,0.0,0.0,0.0,0.0,0.0,0.0,0.0
304737074,0.099328764,0.09923578,0.21279731,0.33474052,0.334731,0.0,0.0,0.0,0.0,0.0,0.0,0.0,nan,nan,nan,nan,nan,nan,0.0,12.402491,0.0,0.0,nan,0.0,0.0,0.09014167,0.0,0.0,0.0,0.0,0.0,0.0,0.0,0.0
304942558,0.099513486,0.09946736,0.21256562,0.33563998,0.33562875,0.0,0.0,0.0,0.0,0.0,0.0,0.0,nan,nan,nan,nan,nan,nan,0.0,12.402335,0.0,0.0,nan,0.0,0.0,0.09014048,0.0,0.0,0.0,0.0,0.0,0.0,0.0,0.0
305143041,0.09967534,0.0996516,0.21233052,0.33700854,0.33699355,0.0,0.0,0.0,0.0,0.0,0.0,0.0,nan,nan,nan,nan,nan,nan,0.0,12.402061,0.0,0.0,nan,0.0,0.0,0.0901396,0.0,0.0,0.0,0.0,0.0,0.0,0.0,0.0
305343503,0.09976379,0.09978274,0.21213722,0.33814764,0.33813086,0.0,0.0,0.0,0.0,0.0,0.0,0.0,nan,nan,nan,nan,nan,nan,0.0,12.401828,0.0,0.0,nan,0.0,0.0,0.09013869,0.0,0.0,0.0,0.0,0.0,0.0,0.0,0.0
305533952,0.099882424,0.09994069,0.21205752,0.33929667,0.3392794,0.0,0.0,0.0,0.0,0.0,0.0,0.0,nan,nan,nan,nan,nan,nan,0.0,12.401564,0.0,0.0,nan,0.0,0.0,0.09013784,0.0,0.0,0.0,0.0,0.0,0.0,0.0,0.0
305744448,0.09984625,0.09992724,0.21185994,0.34024048,0.34022442,0.0,0.0,0.0,0.0,0.0,0.0,0.0,nan,nan,nan,nan,nan,nan,0.0,12.401255,0.0,0.0,nan,0.0,0.0,0.09013696,0.0,0.0,0.0,0.0,0.0,0.0,0.0,0.0
305944920,0.09994458,0.1000468,0.21171124,0.34164816,0.34163406,0.0,0.0,0.0,0.0,0.0,0.0,0.0,nan,nan,nan,nan,nan,nan,0.0,12.40095,0.0,0.0,nan,0.0,0.0,0.09013607,0.0,0.0,0.0,0.0,0.0,0.0,0.0,0.0
306135414,0.099876635,0.0999921,0.21158448,0.34260374,0.34259278,0.0,0.0,0.0,0.0,0.0,0.0,0.0,nan,nan,nan,nan,nan,nan,0.0,12.400624,0.0,0.0,nan,0.0,0.0,0.09013523,0.0,0.0,0.0,0.0,0.0,0.0,0.0,0.0
306335842,0.09981614,0.09994212,0.2114285,0.34359068,0.34358332,0.0,0.0,0.0,0.0,0.0,0.0,0.0,nan,nan,nan,nan,nan,nan,0.0,12.399846,0.0,0.0,nan,0.0,0.0,0.09013441,0.0,0.0,0.0,0.0,0.0,0.0,0.0,0.0
306536315,0.09990084,0.100038394,0.21133357,0.34503675,0.34503403,0.0,0.0,0.0,0.0,0.0,0.0,0.0,nan,nan,nan,nan,nan,nan,0.0,12.399956,0.0,0.0,nan,0.0,0.0,0.09013362,0.0,0.0,0.0,0.0,0.0,0.0,0.0,0.0
306736798,0.099888906,0.10003341,0.2112277,0.34736478,0.34736678,0.0,0.0,0.0,0.0,0.0,0.0,0.0,nan,nan,nan,nan,nan,nan,0.0,12.399599,0.0,0.0,nan,0.0,0.0,0.09013284,0.0,0.0,0.0,0.0,0.0,0.0,0.0,0.0
306937261,0.099869326,0.10001864,0.21117567,0.34858283,0.34858966,0.0,0.0,0.0,0.0,0.0,0.0,0.0,nan,nan,nan,nan,nan,nan,0.0,12.3992405,0.0,0.0,nan,0.0,0.0,0.090132095,0.0,0.0,0.0,0.0,0.0,0.0,0.0,0.0
307137739,0.09984154,0.09999377,0.21109052,0.34980023,0.34981182,0.0,0.0,0.0,0.0,0.0,0.0,0.0,nan,nan,nan,nan,nan,nan,0.0,12.398481,0.0,0.0,nan,0.0,0.0,0.0901314,0.0,0.0,0.0,0.0,0.0,0.0,0.0,0.0
307338204,0.0998102,0.09996396,0.21101668,0.35101664,0.35103282,0.0,0.0,0.0,0.0,0.0,0.0,0.0,nan,nan,nan,nan,nan,nan,0.0,12.398561,0.0,0.0,nan,0.0,0.0,0.09013071,0.0,0.0,0.0,0.0,0.0,0.0,0.0,0.0
307538677,0.099804685,0.09996317,0.21098243,0.35223192,0.35225242,0.0,0.0,0.0,0.0,0.0,0.0,0.0,nan,nan,nan,nan,nan,nan,0.0,12.3982,0.0,0.0,nan,0.0,0.0,0.090130076,0.0,0.0,0.0,0.0,0.0,0.0,0.0,0.0
307744161,0.09975319,0.09991699,0.21100585,0.3532265,0.35325003,0.0,0.0,0.0,0.0,0.0,0.0,0.0,nan,nan,nan,nan,nan,nan,0.0,12.398706,0.0,0.0,nan,0.0,0.0,0.090129554,0.0,0.0,0.0,0.0,0.0,0.0,0.0,0.0
307934610,0.09984784,0.10002283,0.21107443,0.3546855,0.3547138,0.0,0.0,0.0,0.0,0.0,0.0,0.0,nan,nan,nan,nan,nan,nan,0.0,12.397949,0.0,0.0,nan,0.0,0.0,0.090128966,0.0,0.0,0.0,0.0,0.0,0.0,0.0,0.0
308135084,0.099892385,0.100077085,0.21115142,0.3558945,0.35592613,0.0,0.0,0.0,0.0,0.0,0.0,0.0,nan,nan,nan,nan,nan,nan,0.0,12.398004,0.0,0.0,nan,0.0,0.0,0.09012842,0.0,0.0,0.0,0.0,0.0,0.0,0.0,0.0
308335555,0.099939585,0.10013336,0.21129563,0.35824534,0.35828006,0.0,0.0,0.0,0.0,0.0,0.0,0.0,nan,nan,nan,nan,nan,nan,0.0,12.397644,0.0,0.0,nan,0.0,0.0,0.090127915,0.0,0.0,0.0,0.0,0.0,0.0,0.0,0.0
308546052,0.10005854,0.10026273,0.21145585,0.35969073,0.35972956,0.0,0.0,0.0,0.0,0.0,0.0,0.0,nan,nan,nan,nan,nan,nan,0.0,12.397308,0.0,0.0,nan,0.0,0.0,0.09012744,0.0,0.0,0.0,0.0,0.0,0.0,0.0,0.0
308736501,0.100009315,0.10021662,0.2115671,0.36066625,0.36070636,0.0,0.0,0.0,0.0,0.0,0.0,0.0,nan,nan,nan,nan,nan,nan,0.0,12.396612,0.0,0.0,nan,0.0,0.0,0.09012699,0.0,0.0,0.0,0.0,0.0,0.0,0.0,0.0
308936976,0.10004195,0.100253895,0.21172759,0.3618927,0.3619354,0.0,0.0,0.0,0.0,0.0,0.0,0.0,nan,nan,nan,nan,nan,nan,0.0,12.396756,0.0,0.0,nan,0.0,0.0,0.0901267,0.0,0.0,0.0,0.0,0.0,0.0,0.0,0.0
309137446,0.09999095,0.100202784,0.21189988,0.36289886,0.3629427,0.0,0.0,0.0,0.0,0.0,0.0,0.0,nan,nan,nan,nan,nan,nan,0.0,12.396499,0.0,0.0,nan,0.0,0.0,0.09012637,0.0,0.0,0.0,0.0,0.0,0.0,0.0,0.0
309337918,0.100007184,0.10021264,0.2119974,0.3655298,0.36557794,0.0,0.0,0.0,0.0,0.0,0.0,0.0,nan,nan,nan,nan,nan,nan,0.0,12.395866,0.0,0.0,nan,0.0,0.0,0.09012607,0.0,0.0,0.0,0.0,0.0,0.0,0.0,0.0
309543403,0.09979836,0.09997793,0.21183631,0.36677003,0.3668205,0.0,0.0,0.0,0.0,0.0,0.0,0.0,nan,nan,nan,nan,nan,nan,0.0,12.396091,0.0,0.0,nan,0.0,0.0,0.09012578,0.0,0.0,0.0,0.0,0.0,0.0,0.0,0.0
309733852,0.09960486,0.099764474,0.21172161,0.3680057,0.36805794,0.0,0.0,0.0,0.0,0.0,0.0,0.0,nan,nan,nan,nan,nan,nan,0.0,12.3959,0.0,0.0,nan,0.0,0.0,0.09012553,0.0,0.0,0.0,0.0,0.0,0.0,0.0,0.0
